Top queries,Clicks,Impressions,CTR,Position
software development history,1,20,5%,23.55
the history of software development,1,11,9.09%,7.55
ai typer,1,7,14.29%,8.14
types of ai,0,469,0%,82.02
ai workshop for virksomheder,0,144,0%,37.37
whyai,0,134,0%,8.33
ai types,0,131,0%,83.98
hvordan bruger man ai,0,121,0%,77.08
hvad står ai for,0,109,0%,56.04
aiworkshop,0,97,0%,59.91
ai teknologi,0,77,0%,68.87
hvad er ai,0,75,0%,58.45
objektgenkendelse og machine learning,0,71,0%,10.97
different types of ai,0,64,0%,82.95
"""ai for creative agencies""",0,62,0%,22.18
eksempler på kunstig intelligens,0,62,0%,34.98
ai data pipelines,0,62,0%,81.31
software history,0,61,0%,85.56
when was software invented,0,59,0%,57.69
backendudvikling,0,53,0%,38.64
hvad er ai marketing,0,51,0%,90.53
kunstig intelligens ai,0,48,0%,73.62
history of software,0,45,0%,58.27
typer af ai,0,44,0%,5.95
hvad er kunstig intelligens,0,44,0%,59.2
development of computer software,0,39,0%,56.23
ai praksis workshop for virksomheder,0,38,0%,73.45
ai strategi,0,37,0%,49.65
types of artificial intelligence,0,37,0%,92.11
ai kunstig intelligens,0,36,0%,43.42
kunstig intelligens,0,32,0%,64.34
ai data pipeline,0,32,0%,90.72
backend administrationssystem,0,29,0%,77.79
history of software development,0,28,0%,16.79
ai workshop og træning,0,26,0%,88.65
hvad er ai-teknologi,0,25,0%,45.16
timeline of software development,0,25,0%,77.12
hvordan bruges ai i dag,0,24,0%,33.96
ai strategy & roadmap,0,23,0%,31.26
evolution of software development,0,23,0%,52.7
hvad betyder artificial intelligens,0,23,0%,75.26
ai workshop for uddannelse,0,21,0%,54.67
type of ai,0,21,0%,76.38
ai løsninger,0,20,0%,45
ai governance for legal,0,20,0%,83.6
history of application development,0,19,0%,28.68
early software,0,16,0%,3.75
ai-strategi og roadmap,0,16,0%,14.81
ai hvad er det,0,16,0%,56.31
what are the different types of ai,0,16,0%,76.19
ansvarlig kunstig intelligens,0,14,0%,54.07
explainable data pipelines,0,14,0%,65.07
types+of+ai,0,14,0%,67.21
billedgenkendelse og kvalitetskontrol,0,13,0%,10.08
cloud softwareudvikling danmark,0,13,0%,33.15
ai modeller,0,12,0%,72.67
ai-modeller,0,12,0%,80.75
al intelligens,0,11,0%,1
hvad er en ai,0,11,0%,72.27
ansvarlig ai,0,11,0%,166.27
ai pilot to production timeline,0,10,0%,20.9
what are types of ai,0,10,0%,79
artificial intelligence types,0,10,0%,91.6
early software development,0,9,0%,14
ai pipeline infrastructure,0,9,0%,53.22
hvad er artificial intelligence,0,9,0%,63.89
triple ai roadmap,0,8,0%,35.38
hvad betyder ai,0,8,0%,38.75
ai model governance legal,0,7,0%,59.71
what are different types of ai,0,7,0%,77.43
software development evolution,0,7,0%,94.43
when did software development begin,0,6,0%,6.5
history of software development process,0,6,0%,18.5
xnord,0,6,0%,24.33
production to ai at scale,0,6,0%,75.33
what are the types of ai,0,6,0%,80.67
nord xr,0,5,0%,6
ai governance and compliance,0,5,0%,75.6
kunstig intelligens definition,0,5,0%,75.8
forms of ai,0,5,0%,82
ai intelligens,0,4,0%,1
xr norent,0,4,0%,2
what is ai 698289,0,4,0%,8.75
hvordan bruke kunstig intelligens,0,4,0%,39.25
ai-powered data pipelines,0,4,0%,58.75
type of artificial intelligence,0,4,0%,63.5
types of a i,0,4,0%,78.75
kinds of ai,0,4,0%,82.75
what is ai and its types,0,4,0%,89.25
hvad betyder al kunstig intelligens,0,3,0%,1
swxnord,0,3,0%,8
forklarbarhed,0,3,0%,9.33
what is ai 339138,0,3,0%,9.33
ai-drevet automatisering og effektivisering,0,3,0%,13
ai strategy and roadmap,0,3,0%,18.33
techrounder blog,0,3,0%,34
jura ai,0,3,0%,38.67
types of ai solutions,0,3,0%,48.67
softwareudvikling outsourcing,0,3,0%,65
different types of artificial intelligence systems,0,3,0%,69.33
who developed software,0,3,0%,72.67
ai+types,0,3,0%,75.67
ai workshop 1 dag,0,3,0%,76
what are the different type of ai,0,3,0%,84
scaled production,0,3,0%,86.33
ai-maskiner,0,3,0%,88
different forms of ai,0,3,0%,91.33
types of ai tasks,0,3,0%,94.33
ai systemer,0,2,0%,1
ai transformation is a problem of governance x com,0,2,0%,1
kunstigt intelligens,0,2,0%,1
what is the most smartest ai,0,2,0%,1
xrond,0,2,0%,3
software development evolution timeline,0,2,0%,7.5
what is ai 919137,0,2,0%,8.5
what is ai 558289,0,2,0%,9
what is ai 778289,0,2,0%,9.5
virtual software development teams,0,2,0%,17
types of artificial intelligence explained,0,2,0%,20
hvilke ai findes der,0,2,0%,23
real-time ai pipelines,0,2,0%,25
ai betyder,0,2,0%,28.5
digitalisering workshop for virksomheder,0,2,0%,30.5
scaledown ai,0,2,0%,30.5
history of software development methodologies,0,2,0%,33.5
confidential ai data pipeline,0,2,0%,38
intelligens typer,0,2,0%,38.5
perkembangan software,0,2,0%,40
ai-løsninger,0,2,0%,41.5
history of software design,0,2,0%,47
ai virksomhed,0,2,0%,53.5
what are the two key types of artificial intelligence,0,2,0%,58.5
ai-introduction,0,2,0%,61.5
hvordan bruger man kunstig intelligens,0,2,0%,62.5
ai introduction,0,2,0%,64
different kinds of ai,0,2,0%,74.5
types of artificial intelligence systems,0,2,0%,75.5
ai pipelines,0,2,0%,76
types of artificial intelligence machine learning,0,2,0%,79
workshop ai,0,2,0%,81
all types of ai,0,2,0%,83.5
types of artificial intelligence technology,0,2,0%,83.5
different type of ai,0,2,0%,85.5
what is ai and types of ai,0,2,0%,89.5
what are the type of ai,0,2,0%,95.5
what kinds of ai are there,0,2,0%,97
define ai and its types,0,2,0%,97.5
ai governance and regulatory compliance,0,2,0%,98.5
ai ki unterschied,0,1,0%,1
ai measuring tool,0,1,0%,1
al oversigt,0,1,0%,1
define app development,0,1,0%,1
developer history,0,1,0%,1
difference between generative ai and traditional ai,0,1,0%,1
documentation,0,1,0%,1
everything ai can do,0,1,0%,1
how many types of ai tools are there,0,1,0%,1
hvad er ia,0,1,0%,1
hvad er kunstig intelligens egentlig,0,1,0%,1
"in which of the following eras of computing did an ibm system beat a chess 
champion, a robot drive itself down a 131-mile desert trail, and ibm watson 
beat two jeopardy! grand champions?",0,1,0%,1
invention of software,0,1,0%,1
ki kunstig intelligens,0,1,0%,1
kunstig intelligens (ai),0,1,0%,1
kunstig intelligens al,0,1,0%,1
kunstige intelligens,0,1,0%,1
kunstlig intelligens,0,1,0%,1
om ia,0,1,0%,1
responsive ai vs generative ai,0,1,0%,1
right ai bizz,0,1,0%,1
tidig mjukvara,0,1,0%,1
trending ai reels,0,1,0%,1
was für ki gibt es,0,1,0%,1
what are the components of ai,0,1,0%,1
when did development start,0,1,0%,1
"which learning approach would be most suitable for training and ai model to 
park the car correctly",0,1,0%,1
who invented software,0,1,0%,1
xrord,0,1,0%,1
ai workshop,0,1,0%,3
s3xnord,0,1,0%,3
svar,0,1,0%,3
ia,0,1,0%,4
xrold,0,1,0%,5
angularjs react,0,1,0%,6
what is ai 909138,0,1,0%,7
what is ai 621154,0,1,0%,8
what would happen if every app had to write all the code from scratch?,0,1,0%,9
ai løsning datakontrol compliance danmark,0,1,0%,10
turnord,0,1,0%,10
what is ai 578289,0,1,0%,10
what is ai 73637,0,1,0%,10
what is ai 798289,0,1,0%,10
xrnr,0,1,0%,10
what is ai 108289,0,1,0%,11
what is ai 158289,0,1,0%,11
what is ai 868289,0,1,0%,11
what is ai 393637,0,1,0%,12
ai-drevne virksomheds løsninger,0,1,0%,13
ai betydning,0,1,0%,15
ai,0,1,0%,18
kunstig intelligens eksempler,0,1,0%,18
types of ai explained,0,1,0%,18
ocr full form,0,1,0%,24
xrhinorth,0,1,0%,24
ai ethics legal compliance operational governance,0,1,0%,33
scale pilot,0,1,0%,37
scaledrive ai,0,1,0%,39
ai scaling platform,0,1,0%,47
datenlord,0,1,0%,47
sxnord,0,1,0%,47
medresponsive.com,0,1,0%,48
how did scale ai start,0,1,0%,49
hvad er ai teknologi,0,1,0%,49
introduction for ai,0,1,0%,49
history of computer software development,0,1,0%,50
strategi ai,0,1,0%,53
hvad er generativ ai,0,1,0%,55
ai modellen,0,1,0%,59
the history of software,0,1,0%,59
intelligent data arrays,0,1,0%,67
forms of artificial intelligence,0,1,0%,69
legal ai governance,0,1,0%,69
eksempler på ai,0,1,0%,71
no code data pipeline,0,1,0%,72
different forms of artificial intelligence,0,1,0%,73
generativ ai og stor sprogmodel,0,1,0%,74
ai implementeringsplan,0,1,0%,76
artificial intelligence forms,0,1,0%,77
hvad er problemerne med kunstig intelligens,0,1,0%,77
types of recognition in ai,0,1,0%,77
ai-teknologi,0,1,0%,78
common kind of ai,0,1,0%,78
hvordan fungerer ai,0,1,0%,78
early software bring-up,0,1,0%,79
brug ai,0,1,0%,80
hvordan fungerer kunstig intelligens,0,1,0%,80
how many type of ai are there,0,1,0%,81
pilot optagelseskrav,0,1,0%,81
evolution of software,0,1,0%,88
ai categories,0,1,0%,89
how many types of ai,0,1,0%,90
types of ai and ml,0,1,0%,90
hvad kan ai bruges til,0,1,0%,91
types of artificial intelligence with examples,0,1,0%,91
types of ai and machine learning,0,1,0%,92
types of ai technology,0,1,0%,92
ai form recognition compliance,0,1,0%,93
development history,0,1,0%,93
how many types of ai are there,0,1,0%,93
the different types of ai,0,1,0%,94
ai pilot to scalable transformation,0,1,0%,95
intelligente systemer,0,1,0%,95
category of ai,0,1,0%,97
forskellige ai programmer,0,1,0%,98
frontendudvikling,0,1,0%,98
types of ai technologies,0,1,0%,98
what types of ai are there,0,1,0%,98
different ai types,0,1,0%,99
introduction of ai,0,1,0%,99
kunstig intelligens - ai,0,1,0%,99
ai i virksomheder,0,1,0%,100
ai+data+pipeline,0,1,0%,100
categories of ai,0,1,0%,100
types in ai,0,1,0%,100
kunstig intelligens algoritmer,0,1,0%,126